widthrange	sessions	averagesessionduration
600-699 px	9	374
800-899 px	3	23.33333333
900-999	10 px	599.1666667
1000-1099 px	46	1081.887495
1100-1199 px	9	299.4444444
1200-1299 px	179	425.5845468
1300-1399 px	90	806.3528962
1400-1499 px	60	788.0705128
1500-1599 px	15	417.6770833
1600-1699 px	70	469.025098
1700-1799 px	10	388.125
1800-1899 px	8	157.6428571
1900-1999 px	75	1047.375207
2000-2099 px	3	26.75
2100-2199 px	3	520
2500-2599 px	5	1007.4