name	value
A	39.18518518518518
B	17.0
C	152.18804780876494
D	213.47368421052633
E	28.0
F	39.11494252873563
G	0.0
H	112.6842105263158
I	69.37373737373737
J	21.861702127659573